name,chrom,pos,lead_rsid,gene
CR1,1,207692049,rs6656401,CR1
BIN1,2,127892810,rs6733839,BIN1
CLU6,6,41129252,rs9271192,CLU6
HLA,6,32526951,rs9271058,HLA
CD2AP,6,47595155,rs9381040,CD2AP
EPHA1,7,143109139,rs11771145,EPHA1
CLU,8,27468503,rs9331896,CLU
CELF1,10,11721057,rs7920721,CELF1
MS4A6A,11,60021948,rs610932,MS4A6A
PICALM,11,85868640,rs10792832,PICALM
SPI1,11,47380340,rs3740688,SPI1
MS4A,11,47915299,rs1582763,MS4A
SORL1,11,121435587,rs11218343,SORL1
SLC24A4,14,92938855,rs10498633,SLC24A4
APOE,19,45386467,rs429358,APOE
ABCA7,19,1050874,rs4147929,ABCA7
CD33,19,46013248,rs3865444,CD33
